Dátum;2026.09.18;2026.09.19;2026.09.20;2026.09.21;2026.09.22;2026.09.23;2026.09.24;2026.09.25;2026.09.26;2026.09.27;2026.09.28;2026.09.29;2026.09.30;2026.10.01;2026.10.02
Berecz Zoltán László;SWOT-analízis, helyszín kiválasztása;;;Szállás keresése;Útvonalak, közlekedés feltérképezése;1. napi program összeállítása;1. napi program összeállítása;1. napi program összeállítása;;;Weboldalhoz média keresése;Weboldalhoz média keresése;Weboldalhoz média keresése;Szül?i körlevél;BEMUTATÓ
Sárkány-Mányay Tamara;SWOT-analízis, helyszín kiválasztása;;;Közeli étterem keresése;Költségek számítása;3. napi program összeállítása;3. napi program összeállítása;3. napi program összeállítása, GNATT;;;Weboldal HTML;Weboldal HTML;Weboldal HTML;GitHub feltöltés;BEMUTATÓ
Váczi Nikolett Mária;SWOT-analízis, helyszín kiválasztása;;;;Látványosságok kutatása;2. napi program összeállítása;2. napi program összeállítása;2. napi program összeállítása;;;Weboldal CSS;Weboldal CSS;Weboldal CSS;Végs? ellen?rzések;BEMUTATÓ
;;;;;;;;;;;;;;;
;;;;;;;;;;;;;;;
Feladatok Állapota;Oszlop2;;;;;;;;;;;;;;
Nem megkezdett;;;;;;;;;;;;;;;
Megkezdett;;;;;;;;;;;;;;;
Befejezett;;;;;;;;;;;;;;;
Elakadt;;;;;;;;;;;;;;;
